-- --------------------------------------------------------
-- Host:                         127.0.0.1
-- Versión del servidor:         10.4.13-MariaDB - mariadb.org binary distribution
-- SO del servidor:              Win64
-- HeidiSQL Versión:             10.3.0.5771
-- --------------------------------------------------------

/*!40101 SET @OLD_CHARACTER_SET_CLIENT=@@CHARACTER_SET_CLIENT */;
/*!40101 SET NAMES utf8 */;
/*!50503 SET NAMES utf8mb4 */;
/*!40014 SET @OLD_FOREIGN_KEY_CHECKS=@@FOREIGN_KEY_CHECKS, FOREIGN_KEY_CHECKS=0 */;
/*!40101 SET @OLD_SQL_MODE=@@SQL_MODE, SQL_MODE='NO_AUTO_VALUE_ON_ZERO' */;


-- Volcando estructura de base de datos para personalsystem
CREATE DATABASE IF NOT EXISTS `personalsystem` /*!40100 DEFAULT CHARACTER SET utf8mb4 */;
USE `personalsystem`;

-- Volcando estructura para tabla personalsystem.actions
CREATE TABLE IF NOT EXISTS `actions` (
  `idAction` int(11) NOT NULL AUTO_INCREMENT,
  `name` varchar(45) NOT NULL,
  `description` varchar(400) DEFAULT NULL,
  `action` varchar(45) NOT NULL,
  `position` varchar(2) NOT NULL,
  `icon` varchar(45) DEFAULT NULL,
  `class` varchar(45) DEFAULT NULL,
  `status` char(1) NOT NULL DEFAULT '1',
  PRIMARY KEY (`idAction`),
  UNIQUE KEY `nameUQ` (`name`),
  UNIQUE KEY `actionUQ` (`action`)
) ENGINE=InnoDB AUTO_INCREMENT=8 DEFAULT CHARSET=utf8mb4;

-- Volcando datos para la tabla personalsystem.actions: ~7 rows (aproximadamente)
/*!40000 ALTER TABLE `actions` DISABLE KEYS */;
INSERT INTO `actions` (`idAction`, `name`, `description`, `action`, `position`, `icon`, `class`, `status`) VALUES
	(1, 'REGISTRAR', '\'\'', 'create', '1', 'fa fa-plus', 'btn-success', '1'),
	(2, 'MODIFICAR', '\'\'', 'update', '2', 'fa fa-pencil', 'btn-primary', '1'),
	(3, 'CONSULTAR', '\'\'', 'read', '3', 'fa fa-eye', 'btn-default', '1'),
	(4, 'INACTIVAR', '\'\'', 'inactivate', '4', 'fa fa-remove', 'btn-warning', '1'),
	(5, 'ACTIVAR', '\'\'', 'activate', '5', 'fa fa-refresh', 'btn-info', '1'),
	(6, 'REPORTE PDF', '\'\'', 'report_pdf', '6', 'fa fa-file-pdf-o', 'btn-danger', '1'),
	(7, 'REPORTE EXCEL', '\'\'', 'report_excel', '7', 'fa fa-file-excel-o', 'btn-success', '1');
/*!40000 ALTER TABLE `actions` ENABLE KEYS */;

-- Volcando estructura para tabla personalsystem.icons
CREATE TABLE IF NOT EXISTS `icons` (
  `idIcon` int(11) NOT NULL AUTO_INCREMENT,
  `name` varchar(45) NOT NULL,
  PRIMARY KEY (`idIcon`),
  UNIQUE KEY `nameUQ` (`name`)
) ENGINE=InnoDB AUTO_INCREMENT=739 DEFAULT CHARSET=utf8mb4;

-- Volcando datos para la tabla personalsystem.icons: ~726 rows (aproximadamente)
/*!40000 ALTER TABLE `icons` DISABLE KEYS */;
INSERT INTO `icons` (`idIcon`, `name`) VALUES
	(671, 'fa fa-500px'),
	(82, 'fa fa-adjust'),
	(392, 'fa fa-adn'),
	(69, 'fa fa-align-center'),
	(71, 'fa fa-align-justify'),
	(68, 'fa fa-align-left'),
	(70, 'fa fa-align-right'),
	(672, 'fa fa-amazon'),
	(264, 'fa fa-ambulance'),
	(332, 'fa fa-anchor'),
	(403, 'fa fa-android'),
	(562, 'fa fa-angellist'),
	(273, 'fa fa-angle-double-down'),
	(270, 'fa fa-angle-double-left'),
	(271, 'fa fa-angle-double-right'),
	(272, 'fa fa-angle-double-up'),
	(277, 'fa fa-angle-down'),
	(274, 'fa fa-angle-left'),
	(275, 'fa fa-angle-right'),
	(276, 'fa fa-angle-up'),
	(401, 'fa fa-apple'),
	(415, 'fa fa-archive'),
	(552, 'fa fa-area-chart'),
	(188, 'fa fa-arrow-circle-down'),
	(185, 'fa fa-arrow-circle-left'),
	(41, 'fa fa-arrow-circle-o-down'),
	(423, 'fa fa-arrow-circle-o-left'),
	(422, 'fa fa-arrow-circle-o-right'),
	(42, 'fa fa-arrow-circle-o-up'),
	(186, 'fa fa-arrow-circle-right'),
	(187, 'fa fa-arrow-circle-up'),
	(114, 'fa fa-arrow-down'),
	(111, 'fa fa-arrow-left'),
	(112, 'fa fa-arrow-right'),
	(113, 'fa fa-arrow-up'),
	(88, 'fa fa-arrows'),
	(194, 'fa fa-arrows-alt'),
	(142, 'fa fa-arrows-h'),
	(141, 'fa fa-arrows-v'),
	(121, 'fa fa-asterisk'),
	(548, 'fa fa-at'),
	(467, 'fa fa-automobile'),
	(91, 'fa fa-backward'),
	(635, 'fa fa-balance-scale'),
	(110, 'fa fa-ban'),
	(438, 'fa fa-bank'),
	(144, 'fa fa-bar-chart'),
	(143, 'fa fa-bar-chart-o'),
	(56, 'fa fa-barcode'),
	(211, 'fa fa-bars'),
	(624, 'fa fa-battery-0'),
	(622, 'fa fa-battery-1'),
	(620, 'fa fa-battery-2'),
	(618, 'fa fa-battery-3'),
	(616, 'fa fa-battery-4'),
	(625, 'fa fa-battery-empty'),
	(617, 'fa fa-battery-full'),
	(621, 'fa fa-battery-half'),
	(623, 'fa fa-battery-quarter'),
	(619, 'fa fa-battery-three-quarters'),
	(606, 'fa fa-bed'),
	(267, 'fa fa-beer'),
	(462, 'fa fa-behance'),
	(463, 'fa fa-behance-square'),
	(179, 'fa fa-bell'),
	(258, 'fa fa-bell-o'),
	(544, 'fa fa-bell-slash'),
	(545, 'fa fa-bell-slash-o'),
	(559, 'fa fa-bicycle'),
	(528, 'fa fa-binoculars'),
	(551, 'fa fa-birthday-cake'),
	(393, 'fa fa-bitbucket'),
	(394, 'fa fa-bitbucket-square'),
	(371, 'fa fa-bitcoin'),
	(686, 'fa fa-black-tie'),
	(705, 'fa fa-bluetooth'),
	(706, 'fa fa-bluetooth-b'),
	(64, 'fa fa-bold'),
	(246, 'fa fa-bolt'),
	(524, 'fa fa-bomb'),
	(59, 'fa fa-book'),
	(60, 'fa fa-bookmark'),
	(167, 'fa fa-bookmark-o'),
	(193, 'fa fa-briefcase'),
	(372, 'fa fa-btc'),
	(416, 'fa fa-bug'),
	(456, 'fa fa-building'),
	(262, 'fa fa-building-o'),
	(178, 'fa fa-bullhorn'),
	(334, 'fa fa-bullseye'),
	(560, 'fa fa-bus'),
	(568, 'fa fa-buysellads'),
	(469, 'fa fa-cab'),
	(535, 'fa fa-calculator'),
	(131, 'fa fa-calendar'),
	(676, 'fa fa-calendar-check-o'),
	(674, 'fa fa-calendar-minus-o'),
	(322, 'fa fa-calendar-o'),
	(673, 'fa fa-calendar-plus-o'),
	(675, 'fa fa-calendar-times-o'),
	(62, 'fa fa-camera'),
	(147, 'fa fa-camera-retro'),
	(468, 'fa fa-car'),
	(224, 'fa fa-caret-down'),
	(226, 'fa fa-caret-left'),
	(227, 'fa fa-caret-right'),
	(350, 'fa fa-caret-square-o-down'),
	(425, 'fa fa-caret-square-o-left'),
	(354, 'fa fa-caret-square-o-right'),
	(352, 'fa fa-caret-square-o-up'),
	(225, 'fa fa-caret-up'),
	(578, 'fa fa-cart-arrow-down'),
	(577, 'fa fa-cart-plus'),
	(563, 'fa fa-cc'),
	(541, 'fa fa-cc-amex'),
	(633, 'fa fa-cc-diners-club'),
	(540, 'fa fa-cc-discover'),
	(632, 'fa fa-cc-jcb'),
	(539, 'fa fa-cc-mastercard'),
	(542, 'fa fa-cc-paypal'),
	(543, 'fa fa-cc-stripe'),
	(538, 'fa fa-cc-visa'),
	(180, 'fa fa-certificate'),
	(197, 'fa fa-chain'),
	(311, 'fa fa-chain-broken'),
	(25, 'fa fa-check'),
	(104, 'fa fa-check-circle'),
	(109, 'fa fa-check-circle-o'),
	(344, 'fa fa-check-square'),
	(87, 'fa fa-check-square-o'),
	(329, 'fa fa-chevron-circle-down'),
	(326, 'fa fa-chevron-circle-left'),
	(327, 'fa fa-chevron-circle-right'),
	(328, 'fa fa-chevron-circle-up'),
	(136, 'fa fa-chevron-down'),
	(99, 'fa fa-chevron-left'),
	(100, 'fa fa-chevron-right'),
	(135, 'fa fa-chevron-up'),
	(457, 'fa fa-child'),
	(664, 'fa fa-chrome'),
	(287, 'fa fa-circle'),
	(283, 'fa fa-circle-o'),
	(498, 'fa fa-circle-o-notch'),
	(518, 'fa fa-circle-thin'),
	(250, 'fa fa-clipboard'),
	(38, 'fa fa-clock-o'),
	(634, 'fa fa-clone'),
	(27, 'fa fa-close'),
	(199, 'fa fa-cloud'),
	(253, 'fa fa-cloud-download'),
	(254, 'fa fa-cloud-upload'),
	(362, 'fa fa-cny'),
	(301, 'fa fa-code'),
	(309, 'fa fa-code-fork'),
	(491, 'fa fa-codepen'),
	(691, 'fa fa-codiepie'),
	(259, 'fa fa-coffee'),
	(34, 'fa fa-cog'),
	(150, 'fa fa-cogs'),
	(228, 'fa fa-columns'),
	(133, 'fa fa-comment'),
	(243, 'fa fa-comment-o'),
	(682, 'fa fa-commenting'),
	(683, 'fa fa-commenting-o'),
	(151, 'fa fa-comments'),
	(244, 'fa fa-comments-o'),
	(348, 'fa fa-compass'),
	(118, 'fa fa-compress'),
	(569, 'fa fa-connectdevelop'),
	(670, 'fa fa-contao'),
	(203, 'fa fa-copy'),
	(547, 'fa fa-copyright'),
	(655, 'fa fa-creative-commons'),
	(174, 'fa fa-credit-card'),
	(690, 'fa fa-credit-card-alt'),
	(308, 'fa fa-crop'),
	(107, 'fa fa-crosshairs'),
	(331, 'fa fa-css3'),
	(460, 'fa fa-cube'),
	(461, 'fa fa-cubes'),
	(201, 'fa fa-cut'),
	(260, 'fa fa-cutlery'),
	(241, 'fa fa-dashboard'),
	(570, 'fa fa-dashcube'),
	(475, 'fa fa-database'),
	(73, 'fa fa-dedent'),
	(448, 'fa fa-delicious'),
	(278, 'fa fa-desktop'),
	(473, 'fa fa-deviantart'),
	(579, 'fa fa-diamond'),
	(449, 'fa fa-digg'),
	(358, 'fa fa-dollar'),
	(426, 'fa fa-dot-circle-o'),
	(40, 'fa fa-download'),
	(405, 'fa fa-dribbble'),
	(388, 'fa fa-dropbox'),
	(452, 'fa fa-drupal'),
	(689, 'fa fa-edge'),
	(84, 'fa fa-edit'),
	(98, 'fa fa-eject'),
	(335, 'fa fa-ellipsis-h'),
	(336, 'fa fa-ellipsis-v'),
	(503, 'fa fa-empire'),
	(235, 'fa fa-envelope'),
	(16, 'fa fa-envelope-o'),
	(434, 'fa fa-envelope-square'),
	(317, 'fa fa-eraser'),
	(356, 'fa fa-eur'),
	(355, 'fa fa-euro'),
	(252, 'fa fa-exchange'),
	(314, 'fa fa-exclamation'),
	(122, 'fa fa-exclamation-circle'),
	(129, 'fa fa-exclamation-triangle'),
	(117, 'fa fa-expand'),
	(615, 'fa fa-expeditedssl'),
	(159, 'fa fa-external-link'),
	(346, 'fa fa-external-link-square'),
	(126, 'fa fa-eye'),
	(127, 'fa fa-eye-slash'),
	(549, 'fa fa-eyedropper'),
	(171, 'fa fa-facebook'),
	(170, 'fa fa-facebook-f'),
	(599, 'fa fa-facebook-official'),
	(146, 'fa fa-facebook-square'),
	(90, 'fa fa-fast-backward'),
	(96, 'fa fa-fast-forward'),
	(455, 'fa fa-fax'),
	(175, 'fa fa-feed'),
	(409, 'fa fa-female'),
	(266, 'fa fa-fighter-jet'),
	(373, 'fa fa-file'),
	(484, 'fa fa-file-archive-o'),
	(486, 'fa fa-file-audio-o'),
	(489, 'fa fa-file-code-o'),
	(478, 'fa fa-file-excel-o'),
	(482, 'fa fa-file-image-o'),
	(487, 'fa fa-file-movie-o'),
	(37, 'fa fa-file-o'),
	(476, 'fa fa-file-pdf-o'),
	(480, 'fa fa-file-photo-o'),
	(481, 'fa fa-file-picture-o'),
	(479, 'fa fa-file-powerpoint-o'),
	(485, 'fa fa-file-sound-o'),
	(374, 'fa fa-file-text'),
	(261, 'fa fa-file-text-o'),
	(488, 'fa fa-file-video-o'),
	(477, 'fa fa-file-word-o'),
	(483, 'fa fa-file-zip-o'),
	(204, 'fa fa-files-o'),
	(21, 'fa fa-film'),
	(192, 'fa fa-filter'),
	(125, 'fa fa-fire'),
	(323, 'fa fa-fire-extinguisher'),
	(665, 'fa fa-firefox'),
	(50, 'fa fa-flag'),
	(299, 'fa fa-flag-checkered'),
	(298, 'fa fa-flag-o'),
	(245, 'fa fa-flash'),
	(200, 'fa fa-flask'),
	(391, 'fa fa-flickr'),
	(207, 'fa fa-floppy-o'),
	(139, 'fa fa-folder'),
	(291, 'fa fa-folder-o'),
	(140, 'fa fa-folder-open'),
	(292, 'fa fa-folder-open-o'),
	(63, 'fa fa-font'),
	(687, 'fa fa-fonticons'),
	(693, 'fa fa-fort-awesome'),
	(571, 'fa fa-forumbee'),
	(95, 'fa fa-forward'),
	(407, 'fa fa-foursquare'),
	(294, 'fa fa-frown-o'),
	(526, 'fa fa-futbol-o'),
	(296, 'fa fa-gamepad'),
	(240, 'fa fa-gavel'),
	(357, 'fa fa-gbp'),
	(502, 'fa fa-ge'),
	(33, 'fa fa-gear'),
	(149, 'fa fa-gears'),
	(598, 'fa fa-genderless'),
	(661, 'fa fa-get-pocket'),
	(656, 'fa fa-gg'),
	(657, 'fa fa-gg-circle'),
	(123, 'fa fa-gift'),
	(505, 'fa fa-git'),
	(504, 'fa fa-git-square'),
	(172, 'fa fa-github'),
	(290, 'fa fa-github-alt'),
	(162, 'fa fa-github-square'),
	(411, 'fa fa-gittip'),
	(13, 'fa fa-glass'),
	(189, 'fa fa-globe'),
	(443, 'fa fa-google'),
	(222, 'fa fa-google-plus'),
	(221, 'fa fa-google-plus-square'),
	(537, 'fa fa-google-wallet'),
	(441, 'fa fa-graduation-cap'),
	(412, 'fa fa-gratipay'),
	(195, 'fa fa-group'),
	(268, 'fa fa-h-square'),
	(508, 'fa fa-hacker-news'),
	(644, 'fa fa-hand-grab-o'),
	(649, 'fa fa-hand-lizard-o'),
	(184, 'fa fa-hand-o-down'),
	(182, 'fa fa-hand-o-left'),
	(181, 'fa fa-hand-o-right'),
	(183, 'fa fa-hand-o-up'),
	(647, 'fa fa-hand-paper-o'),
	(652, 'fa fa-hand-peace-o'),
	(651, 'fa fa-hand-pointer-o'),
	(645, 'fa fa-hand-rock-o'),
	(648, 'fa fa-hand-scissors-o'),
	(650, 'fa fa-hand-spock-o'),
	(646, 'fa fa-hand-stop-o'),
	(704, 'fa fa-hashtag'),
	(177, 'fa fa-hdd-o'),
	(519, 'fa fa-header'),
	(51, 'fa fa-headphones'),
	(17, 'fa fa-heart'),
	(155, 'fa fa-heart-o'),
	(584, 'fa fa-heartbeat'),
	(517, 'fa fa-history'),
	(36, 'fa fa-home'),
	(263, 'fa fa-hospital-o'),
	(605, 'fa fa-hotel'),
	(643, 'fa fa-hourglass'),
	(637, 'fa fa-hourglass-1'),
	(639, 'fa fa-hourglass-2'),
	(641, 'fa fa-hourglass-3'),
	(642, 'fa fa-hourglass-end'),
	(640, 'fa fa-hourglass-half'),
	(636, 'fa fa-hourglass-o'),
	(638, 'fa fa-hourglass-start'),
	(684, 'fa fa-houzz'),
	(330, 'fa fa-html5'),
	(627, 'fa fa-i-cursor'),
	(566, 'fa fa-ils'),
	(78, 'fa fa-image'),
	(43, 'fa fa-inbox'),
	(75, 'fa fa-indent'),
	(677, 'fa fa-industry'),
	(313, 'fa fa-info'),
	(106, 'fa fa-info-circle'),
	(361, 'fa fa-inr'),
	(390, 'fa fa-instagram'),
	(437, 'fa fa-institution'),
	(667, 'fa fa-internet-explorer'),
	(588, 'fa fa-intersex'),
	(561, 'fa fa-ioxhost'),
	(65, 'fa fa-italic'),
	(453, 'fa fa-joomla'),
	(365, 'fa fa-jpy'),
	(492, 'fa fa-jsfiddle'),
	(148, 'fa fa-key'),
	(297, 'fa fa-keyboard-o'),
	(370, 'fa fa-krw'),
	(454, 'fa fa-language'),
	(279, 'fa fa-laptop'),
	(555, 'fa fa-lastfm'),
	(556, 'fa fa-lastfm-square'),
	(124, 'fa fa-leaf'),
	(572, 'fa fa-leanpub'),
	(239, 'fa fa-legal'),
	(164, 'fa fa-lemon-o'),
	(343, 'fa fa-level-down'),
	(342, 'fa fa-level-up'),
	(493, 'fa fa-life-bouy'),
	(494, 'fa fa-life-buoy'),
	(497, 'fa fa-life-ring'),
	(495, 'fa fa-life-saver'),
	(251, 'fa fa-lightbulb-o'),
	(554, 'fa fa-line-chart'),
	(198, 'fa fa-link'),
	(236, 'fa fa-linkedin'),
	(157, 'fa fa-linkedin-square'),
	(404, 'fa fa-linux'),
	(72, 'fa fa-list'),
	(48, 'fa fa-list-alt'),
	(213, 'fa fa-list-ol'),
	(212, 'fa fa-list-ul'),
	(307, 'fa fa-location-arrow'),
	(49, 'fa fa-lock'),
	(397, 'fa fa-long-arrow-down'),
	(399, 'fa fa-long-arrow-left'),
	(400, 'fa fa-long-arrow-right'),
	(398, 'fa fa-long-arrow-up'),
	(217, 'fa fa-magic'),
	(134, 'fa fa-magnet'),
	(115, 'fa fa-mail-forward'),
	(288, 'fa fa-mail-reply'),
	(302, 'fa fa-mail-reply-all'),
	(410, 'fa fa-male'),
	(681, 'fa fa-map'),
	(81, 'fa fa-map-marker'),
	(680, 'fa fa-map-o'),
	(678, 'fa fa-map-pin'),
	(679, 'fa fa-map-signs'),
	(586, 'fa fa-mars'),
	(592, 'fa fa-mars-double'),
	(594, 'fa fa-mars-stroke'),
	(596, 'fa fa-mars-stroke-h'),
	(595, 'fa fa-mars-stroke-v'),
	(325, 'fa fa-maxcdn'),
	(567, 'fa fa-meanpath'),
	(610, 'fa fa-medium'),
	(265, 'fa fa-medkit'),
	(295, 'fa fa-meh-o'),
	(587, 'fa fa-mercury'),
	(319, 'fa fa-microphone'),
	(320, 'fa fa-microphone-slash'),
	(120, 'fa fa-minus'),
	(102, 'fa fa-minus-circle'),
	(340, 'fa fa-minus-square'),
	(341, 'fa fa-minus-square-o'),
	(696, 'fa fa-mixcloud'),
	(282, 'fa fa-mobile'),
	(281, 'fa fa-mobile-phone'),
	(692, 'fa fa-modx'),
	(223, 'fa fa-money'),
	(414, 'fa fa-moon-o'),
	(440, 'fa fa-mortar-board'),
	(582, 'fa fa-motorcycle'),
	(626, 'fa fa-mouse-pointer'),
	(14, 'fa fa-music'),
	(209, 'fa fa-navicon'),
	(597, 'fa fa-neuter'),
	(533, 'fa fa-newspaper-o'),
	(628, 'fa fa-object-group'),
	(629, 'fa fa-object-ungroup'),
	(659, 'fa fa-odnoklassniki'),
	(660, 'fa fa-odnoklassniki-square'),
	(614, 'fa fa-opencart'),
	(436, 'fa fa-openid'),
	(666, 'fa fa-opera'),
	(613, 'fa fa-optin-monster'),
	(74, 'fa fa-outdent'),
	(420, 'fa fa-pagelines'),
	(550, 'fa fa-paint-brush'),
	(514, 'fa fa-paper-plane'),
	(516, 'fa fa-paper-plane-o'),
	(205, 'fa fa-paperclip'),
	(520, 'fa fa-paragraph'),
	(249, 'fa fa-paste'),
	(93, 'fa fa-pause'),
	(698, 'fa fa-pause-circle'),
	(699, 'fa fa-pause-circle-o'),
	(458, 'fa fa-paw'),
	(536, 'fa fa-paypal'),
	(80, 'fa fa-pencil'),
	(345, 'fa fa-pencil-square'),
	(85, 'fa fa-pencil-square-o'),
	(707, 'fa fa-percent'),
	(165, 'fa fa-phone'),
	(168, 'fa fa-phone-square'),
	(77, 'fa fa-photo'),
	(79, 'fa fa-picture-o'),
	(553, 'fa fa-pie-chart'),
	(735, 'fa fa-pied-piper'),
	(451, 'fa fa-pied-piper-alt'),
	(219, 'fa fa-pinterest'),
	(600, 'fa fa-pinterest-p'),
	(220, 'fa fa-pinterest-square'),
	(130, 'fa fa-plane'),
	(92, 'fa fa-play'),
	(338, 'fa fa-play-circle'),
	(44, 'fa fa-play-circle-o'),
	(529, 'fa fa-plug'),
	(119, 'fa fa-plus'),
	(101, 'fa fa-plus-circle'),
	(269, 'fa fa-plus-square'),
	(431, 'fa fa-plus-square-o'),
	(31, 'fa fa-power-off'),
	(61, 'fa fa-print'),
	(695, 'fa fa-product-hunt'),
	(318, 'fa fa-puzzle-piece'),
	(510, 'fa fa-qq'),
	(55, 'fa fa-qrcode'),
	(312, 'fa fa-question'),
	(105, 'fa fa-question-circle'),
	(284, 'fa fa-quote-left'),
	(285, 'fa fa-quote-right'),
	(499, 'fa fa-ra'),
	(132, 'fa fa-random'),
	(501, 'fa fa-rebel'),
	(466, 'fa fa-recycle'),
	(444, 'fa fa-reddit'),
	(688, 'fa fa-reddit-alien'),
	(445, 'fa fa-reddit-square'),
	(47, 'fa fa-refresh'),
	(654, 'fa fa-registered'),
	(26, 'fa fa-remove'),
	(419, 'fa fa-renren'),
	(210, 'fa fa-reorder'),
	(46, 'fa fa-repeat'),
	(289, 'fa fa-reply'),
	(303, 'fa fa-reply-all'),
	(137, 'fa fa-retweet'),
	(363, 'fa fa-rmb'),
	(39, 'fa fa-road'),
	(324, 'fa fa-rocket'),
	(237, 'fa fa-rotate-left'),
	(45, 'fa fa-rotate-right'),
	(367, 'fa fa-rouble'),
	(176, 'fa fa-rss'),
	(337, 'fa fa-rss-square'),
	(368, 'fa fa-rub'),
	(366, 'fa fa-ruble'),
	(360, 'fa fa-rupee'),
	(663, 'fa fa-safari'),
	(206, 'fa fa-save'),
	(202, 'fa fa-scissors'),
	(697, 'fa fa-scribd'),
	(15, 'fa fa-search'),
	(30, 'fa fa-search-minus'),
	(29, 'fa fa-search-plus'),
	(573, 'fa fa-sellsy'),
	(513, 'fa fa-send'),
	(515, 'fa fa-send-o'),
	(602, 'fa fa-server'),
	(116, 'fa fa-share'),
	(522, 'fa fa-share-alt'),
	(523, 'fa fa-share-alt-square'),
	(347, 'fa fa-share-square'),
	(86, 'fa fa-share-square-o'),
	(564, 'fa fa-shekel'),
	(565, 'fa fa-sheqel'),
	(321, 'fa fa-shield'),
	(580, 'fa fa-ship'),
	(574, 'fa fa-shirtsinbulk'),
	(702, 'fa fa-shopping-bag'),
	(703, 'fa fa-shopping-basket'),
	(138, 'fa fa-shopping-cart'),
	(160, 'fa fa-sign-in'),
	(156, 'fa fa-sign-out'),
	(32, 'fa fa-signal'),
	(575, 'fa fa-simplybuilt'),
	(247, 'fa fa-sitemap'),
	(576, 'fa fa-skyatlas'),
	(406, 'fa fa-skype'),
	(433, 'fa fa-slack'),
	(521, 'fa fa-sliders'),
	(530, 'fa fa-slideshare'),
	(293, 'fa fa-smile-o'),
	(525, 'fa fa-soccer-ball-o'),
	(230, 'fa fa-sort'),
	(375, 'fa fa-sort-alpha-asc'),
	(376, 'fa fa-sort-alpha-desc'),
	(377, 'fa fa-sort-amount-asc'),
	(378, 'fa fa-sort-amount-desc'),
	(234, 'fa fa-sort-asc'),
	(232, 'fa fa-sort-desc'),
	(231, 'fa fa-sort-down'),
	(379, 'fa fa-sort-numeric-asc'),
	(380, 'fa fa-sort-numeric-desc'),
	(233, 'fa fa-sort-up'),
	(474, 'fa fa-soundcloud'),
	(432, 'fa fa-space-shuttle'),
	(286, 'fa fa-spinner'),
	(459, 'fa fa-spoon'),
	(472, 'fa fa-spotify'),
	(208, 'fa fa-square'),
	(166, 'fa fa-square-o'),
	(421, 'fa fa-stack-exchange'),
	(389, 'fa fa-stack-overflow'),
	(18, 'fa fa-star'),
	(154, 'fa fa-star-half'),
	(304, 'fa fa-star-half-empty'),
	(305, 'fa fa-star-half-full'),
	(306, 'fa fa-star-half-o'),
	(19, 'fa fa-star-o'),
	(464, 'fa fa-steam'),
	(465, 'fa fa-steam-square'),
	(89, 'fa fa-step-backward'),
	(97, 'fa fa-step-forward'),
	(256, 'fa fa-stethoscope'),
	(630, 'fa fa-sticky-note'),
	(631, 'fa fa-sticky-note-o'),
	(94, 'fa fa-stop'),
	(700, 'fa fa-stop-circle'),
	(701, 'fa fa-stop-circle-o'),
	(583, 'fa fa-street-view'),
	(214, 'fa fa-strikethrough'),
	(447, 'fa fa-stumbleupon'),
	(446, 'fa fa-stumbleupon-circle'),
	(316, 'fa fa-subscript'),
	(609, 'fa fa-subway'),
	(257, 'fa fa-suitcase'),
	(413, 'fa fa-sun-o'),
	(315, 'fa fa-superscript'),
	(496, 'fa fa-support'),
	(216, 'fa fa-table'),
	(280, 'fa fa-tablet'),
	(242, 'fa fa-tachometer'),
	(57, 'fa fa-tag'),
	(58, 'fa fa-tags'),
	(191, 'fa fa-tasks'),
	(470, 'fa fa-taxi'),
	(669, 'fa fa-television'),
	(509, 'fa fa-tencent-weibo'),
	(300, 'fa fa-terminal'),
	(66, 'fa fa-text-height'),
	(67, 'fa fa-text-width'),
	(23, 'fa fa-th'),
	(22, 'fa fa-th-large'),
	(24, 'fa fa-th-list'),
	(158, 'fa fa-thumb-tack'),
	(382, 'fa fa-thumbs-down'),
	(153, 'fa fa-thumbs-o-down'),
	(152, 'fa fa-thumbs-o-up'),
	(381, 'fa fa-thumbs-up'),
	(339, 'fa fa-ticket'),
	(28, 'fa fa-times'),
	(103, 'fa fa-times-circle'),
	(108, 'fa fa-times-circle-o'),
	(83, 'fa fa-tint'),
	(349, 'fa fa-toggle-down'),
	(424, 'fa fa-toggle-left'),
	(557, 'fa fa-toggle-off'),
	(558, 'fa fa-toggle-on'),
	(353, 'fa fa-toggle-right'),
	(351, 'fa fa-toggle-up'),
	(653, 'fa fa-trademark'),
	(608, 'fa fa-train'),
	(589, 'fa fa-transgender'),
	(590, 'fa fa-transgender-alt'),
	(546, 'fa fa-trash'),
	(35, 'fa fa-trash-o'),
	(471, 'fa fa-tree'),
	(408, 'fa fa-trello'),
	(658, 'fa fa-tripadvisor'),
	(161, 'fa fa-trophy'),
	(218, 'fa fa-truck'),
	(430, 'fa fa-try'),
	(527, 'fa fa-tty'),
	(395, 'fa fa-tumblr'),
	(396, 'fa fa-tumblr-square'),
	(429, 'fa fa-turkish-lira'),
	(668, 'fa fa-tv'),
	(531, 'fa fa-twitch'),
	(169, 'fa fa-twitter'),
	(145, 'fa fa-twitter-square'),
	(248, 'fa fa-umbrella'),
	(215, 'fa fa-underline'),
	(238, 'fa fa-undo'),
	(439, 'fa fa-university'),
	(310, 'fa fa-unlink'),
	(173, 'fa fa-unlock'),
	(333, 'fa fa-unlock-alt'),
	(229, 'fa fa-unsorted'),
	(163, 'fa fa-upload'),
	(694, 'fa fa-usb'),
	(359, 'fa fa-usd'),
	(20, 'fa fa-user'),
	(255, 'fa fa-user-md'),
	(603, 'fa fa-user-plus'),
	(581, 'fa fa-user-secret'),
	(604, 'fa fa-user-times'),
	(196, 'fa fa-users'),
	(585, 'fa fa-venus'),
	(591, 'fa fa-venus-double'),
	(593, 'fa fa-venus-mars'),
	(607, 'fa fa-viacoin'),
	(76, 'fa fa-video-camera'),
	(685, 'fa fa-vimeo'),
	(428, 'fa fa-vimeo-square'),
	(490, 'fa fa-vine'),
	(417, 'fa fa-vk'),
	(53, 'fa fa-volume-down'),
	(52, 'fa fa-volume-off'),
	(54, 'fa fa-volume-up'),
	(128, 'fa fa-warning'),
	(511, 'fa fa-wechat'),
	(418, 'fa fa-weibo'),
	(512, 'fa fa-weixin'),
	(601, 'fa fa-whatsapp'),
	(427, 'fa fa-wheelchair'),
	(534, 'fa fa-wifi'),
	(662, 'fa fa-wikipedia-w'),
	(402, 'fa fa-windows'),
	(369, 'fa fa-won'),
	(435, 'fa fa-wordpress'),
	(190, 'fa fa-wrench'),
	(385, 'fa fa-xing'),
	(386, 'fa fa-xing-square'),
	(612, 'fa fa-y-combinator'),
	(506, 'fa fa-y-combinator-square'),
	(442, 'fa fa-yahoo'),
	(611, 'fa fa-yc'),
	(507, 'fa fa-yc-square'),
	(532, 'fa fa-yelp'),
	(364, 'fa fa-yen'),
	(384, 'fa fa-youtube'),
	(387, 'fa fa-youtube-play'),
	(383, 'fa fa-youtube-square');
/*!40000 ALTER TABLE `icons` ENABLE KEYS */;

-- Volcando estructura para tabla personalsystem.lists
CREATE TABLE IF NOT EXISTS `lists` (
  `idList` int(11) NOT NULL AUTO_INCREMENT,
  `name` varchar(45) NOT NULL,
  `description` varchar(400) NOT NULL,
  `keyName` varchar(45) NOT NULL,
  `locked` char(1) NOT NULL,
  `status` char(1) NOT NULL DEFAULT '1',
  `idParent` int(11) DEFAULT NULL,
  PRIMARY KEY (`idList`)
) ENGINE=InnoDB AUTO_INCREMENT=7 DEFAULT CHARSET=utf8mb4;

-- Volcando datos para la tabla personalsystem.lists: ~6 rows (aproximadamente)
/*!40000 ALTER TABLE `lists` DISABLE KEYS */;
INSERT INTO `lists` (`idList`, `name`, `description`, `keyName`, `locked`, `status`, `idParent`) VALUES
	(1, 'UNIDAD DE PESO', '', 'unidad_medida', '', '1', 2),
	(2, 'UNIDADES DE MEDIDAS', '', 'unidades_medidas', '', '1', NULL),
	(3, 'PAISES', '', 'countries', '', '1', NULL),
	(4, 'CIUDADES', 'CIUDADES PERTENECIENTES A ESTADOS DEL PAÍS', 'citys', '', '1', 5),
	(5, 'ESTADOS', '', 'states', '', '1', 3),
	(6, 'TIPO DE DOCUMENTO PERSONAL', '', 'documentType', '', '1', NULL);
/*!40000 ALTER TABLE `lists` ENABLE KEYS */;

-- Volcando estructura para tabla personalsystem.listsvalues
CREATE TABLE IF NOT EXISTS `listsvalues` (
  `idListValue` int(11) NOT NULL AUTO_INCREMENT,
  `idList` int(11) NOT NULL,
  `idParent` int(11) DEFAULT NULL,
  `name` varchar(45) NOT NULL,
  `description` varchar(400) NOT NULL,
  `abbreviation` varchar(45) NOT NULL,
  `position` varchar(2) NOT NULL,
  `status` char(1) NOT NULL DEFAULT '1',
  PRIMARY KEY (`idListValue`),
  KEY `idListIDX` (`idList`),
  KEY `idParentIDX` (`idParent`),
  KEY `nameIDX` (`name`),
  CONSTRAINT `idList_listsValues_lists_fk` FOREIGN KEY (`idList`) REFERENCES `lists` (`idlist`) ON DELETE CASCADE ON UPDATE CASCADE,
  CONSTRAINT `idParent_listsValues_listsValues_fk` FOREIGN KEY (`idParent`) REFERENCES `listsvalues` (`idListValue`) ON DELETE CASCADE ON UPDATE CASCADE
) ENGINE=InnoDB AUTO_INCREMENT=17 DEFAULT CHARSET=utf8mb4;

-- Volcando datos para la tabla personalsystem.listsvalues: ~16 rows (aproximadamente)
/*!40000 ALTER TABLE `listsvalues` DISABLE KEYS */;
INSERT INTO `listsvalues` (`idListValue`, `idList`, `idParent`, `name`, `description`, `abbreviation`, `position`, `status`) VALUES
	(1, 1, NULL, 'KILO', '', 'KG', '', '1'),
	(2, 1, NULL, 'GRAMO', '', 'GR', '', '1'),
	(3, 3, NULL, 'VENEZUELA', '', 'VZLA', '', '1'),
	(4, 3, NULL, 'COLOMBIA', '', 'COL', '', '1'),
	(5, 3, NULL, 'BRASIL', '', 'BRA', '', '1'),
	(6, 5, 5, 'RIO DE JANEIRO', '', 'RIO', '', '1'),
	(7, 5, 3, 'PORTUGUESA', '', '', '', '1'),
	(8, 5, 3, 'DISTRITO CAPITAL', '', '', '', '1'),
	(9, 4, 7, 'ARAURE', '', '', '', '1'),
	(10, 4, 8, 'LAS MAYAS', '', '', '', '1'),
	(11, 4, 8, 'EL VALLE', '', '', '', '1'),
	(12, 4, 8, 'COCHE', '', '', '', '1'),
	(13, 6, NULL, 'CÉDULA', '', '', '', '1'),
	(14, 6, NULL, 'RIF', '', 'RIF', '', '1'),
	(15, 6, NULL, 'IDENTIFICACIÓN DE EEUU', '', 'DNI', '', '1'),
	(16, 4, 7, 'ACARIGUA', '', 'ACA', '', '1');
/*!40000 ALTER TABLE `listsvalues` ENABLE KEYS */;

-- Volcando estructura para tabla personalsystem.menus
CREATE TABLE IF NOT EXISTS `menus` (
  `idMenu` int(11) NOT NULL AUTO_INCREMENT,
  `idModule` int(11) DEFAULT NULL,
  `idIcon` int(11) DEFAULT NULL,
  `name` varchar(45) NOT NULL,
  `description` varchar(400) DEFAULT NULL,
  `link` varchar(45) NOT NULL,
  `actions` varchar(45) NOT NULL,
  `status` char(1) NOT NULL DEFAULT '1',
  PRIMARY KEY (`idMenu`),
  UNIQUE KEY `nameUQ` (`name`),
  UNIQUE KEY `linkUQ` (`link`),
  KEY `actionsIDX` (`actions`),
  KEY `idIconsIDX` (`idIcon`),
  KEY `idModuleIDX` (`idModule`),
  CONSTRAINT `idIcon_menus_icons_fk` FOREIGN KEY (`idIcon`) REFERENCES `icons` (`idIcon`) ON DELETE CASCADE ON UPDATE CASCADE,
  CONSTRAINT `idModule_menus_modules_fk` FOREIGN KEY (`idModule`) REFERENCES `modules` (`idModule`) ON DELETE CASCADE ON UPDATE CASCADE
) ENGINE=InnoDB AUTO_INCREMENT=12 DEFAULT CHARSET=utf8mb4;

-- Volcando datos para la tabla personalsystem.menus: ~8 rows (aproximadamente)
/*!40000 ALTER TABLE `menus` DISABLE KEYS */;
INSERT INTO `menus` (`idMenu`, `idModule`, `idIcon`, `name`, `description`, `link`, `actions`, `status`) VALUES
	(1, 1, NULL, 'MÓDULOS', NULL, 'modules', '1,2,3,4,5,6', '1'),
	(2, 1, 635, 'MENÚS', '', 'menus', '1,2,3,4,5,6', '1'),
	(3, 1, 209, 'LISTA', '', 'lists', '1,2,3,4,5', '1'),
	(4, 1, 212, 'LISTA VALOR', '', 'listsValues', '1,2,3,4,5', '1'),
	(6, 1, 457, 'PERSONAS', '', 'persons', '1,2,3,4,5', '1'),
	(9, 5, 85, 'PERFILES DE USUARIO', '', 'profiles', '1,2,3,4,5', '1'),
	(10, 5, 20, 'USUARIOS', '', 'users', '1,2,3,4,5,6,7', '1'),
	(11, 1, 150, 'VALORES DE CONFIGURACIÓN', '', 'settings', '1,2,3', '1');
/*!40000 ALTER TABLE `menus` ENABLE KEYS */;

-- Volcando estructura para tabla personalsystem.modules
CREATE TABLE IF NOT EXISTS `modules` (
  `idModule` int(11) NOT NULL AUTO_INCREMENT,
  `idParent` int(11) DEFAULT NULL,
  `idIcon` int(11) DEFAULT NULL,
  `name` varchar(45) NOT NULL,
  `description` varchar(400) DEFAULT NULL,
  `status` char(1) NOT NULL DEFAULT '1',
  PRIMARY KEY (`idModule`),
  UNIQUE KEY `nameUQ` (`name`),
  KEY `idIconIDX` (`idIcon`),
  KEY `idParentIDX` (`idParent`),
  CONSTRAINT `idIcon_modules_icons_fk` FOREIGN KEY (`idIcon`) REFERENCES `icons` (`idIcon`) ON DELETE CASCADE ON UPDATE CASCADE,
  CONSTRAINT `idParent_modules_modules_fk` FOREIGN KEY (`idParent`) REFERENCES `modules` (`idModule`) ON DELETE CASCADE ON UPDATE CASCADE
) ENGINE=InnoDB AUTO_INCREMENT=6 DEFAULT CHARSET=utf8mb4;

-- Volcando datos para la tabla personalsystem.modules: ~2 rows (aproximadamente)
/*!40000 ALTER TABLE `modules` DISABLE KEYS */;
INSERT INTO `modules` (`idModule`, `idParent`, `idIcon`, `name`, `description`, `status`) VALUES
	(1, NULL, 34, 'CONFIGURACIÓN DEL SISTEMA', '', '1'),
	(5, 1, 196, 'CONFIGURACIONES DE USUARIOS', '', '1');
/*!40000 ALTER TABLE `modules` ENABLE KEYS */;

-- Volcando estructura para tabla personalsystem.persons
CREATE TABLE IF NOT EXISTS `persons` (
  `idPerson` int(11) NOT NULL AUTO_INCREMENT,
  `idCity` int(11) DEFAULT NULL,
  `idDocumentType` int(11) DEFAULT NULL,
  `idDocument` varchar(45) DEFAULT NULL,
  `name` varchar(45) NOT NULL,
  `secondName` varchar(45) DEFAULT NULL,
  `surname` varchar(45) NOT NULL,
  `secondSurname` varchar(45) DEFAULT NULL,
  `email` varchar(45) DEFAULT NULL,
  `cellPhoneNumber` varchar(45) DEFAULT NULL,
  `postalCode` varchar(45) DEFAULT NULL,
  `dateBirth` date DEFAULT NULL,
  `address` varchar(200) DEFAULT NULL,
  `status` char(1) NOT NULL DEFAULT '1',
  PRIMARY KEY (`idPerson`),
  KEY `idCityIDX` (`idCity`),
  KEY `idDocumentIDX` (`idDocumentType`),
  CONSTRAINT `idCity_persons_listsValues_fk` FOREIGN KEY (`idCity`) REFERENCES `listsvalues` (`idListValue`) ON DELETE CASCADE ON UPDATE CASCADE,
  CONSTRAINT `idListValue_persons_listsValues_fk1` FOREIGN KEY (`idDocumentType`) REFERENCES `listsvalues` (`idListValue`) ON DELETE CASCADE ON UPDATE CASCADE
) ENGINE=InnoDB AUTO_INCREMENT=5 DEFAULT CHARSET=utf8mb4;

-- Volcando datos para la tabla personalsystem.persons: ~3 rows (aproximadamente)
/*!40000 ALTER TABLE `persons` DISABLE KEYS */;
INSERT INTO `persons` (`idPerson`, `idCity`, `idDocumentType`, `idDocument`, `name`, `secondName`, `surname`, `secondSurname`, `email`, `cellPhoneNumber`, `postalCode`, `dateBirth`, `address`, `status`) VALUES
	(1, NULL, NULL, NULL, 'Carlos', NULL, 'Sosa', NULL, 'carlos@gmail.com', NULL, NULL, NULL, NULL, '1'),
	(2, 10, 13, '27123456', 'BABYLONIA', 'MARGARITA', 'MIJARES', 'SANSONETTI', 'BABY@GMAIL.COM', '123456123', '', '0000-00-00', '', '1'),
	(3, 9, 13, '24019468', 'JOSÉ', 'CARLOS', 'QUINTERO', 'SOSA', '', '123123123', '1', '0000-00-00', '', '1'),
	(4, 16, 13, '12312312', 'PEDRO', '', 'PEREZ', '', 'PEDRO@GMAIL.COM', '123123', '', '2020-04-11', '', '1');
/*!40000 ALTER TABLE `persons` ENABLE KEYS */;

-- Volcando estructura para tabla personalsystem.profiles
CREATE TABLE IF NOT EXISTS `profiles` (
  `idProfile` int(11) NOT NULL AUTO_INCREMENT,
  `name` varchar(45) NOT NULL,
  `description` varchar(45) DEFAULT NULL,
  `status` char(1) NOT NULL DEFAULT '1',
  PRIMARY KEY (`idProfile`),
  UNIQUE KEY `nameUQ` (`name`)
) ENGINE=InnoDB AUTO_INCREMENT=3 DEFAULT CHARSET=utf8mb4;

-- Volcando datos para la tabla personalsystem.profiles: ~1 rows (aproximadamente)
/*!40000 ALTER TABLE `profiles` DISABLE KEYS */;
INSERT INTO `profiles` (`idProfile`, `name`, `description`, `status`) VALUES
	(1, 'ADMINISTRADOR', '', '1'),
	(2, 'SECRETARIO', '', '1');
/*!40000 ALTER TABLE `profiles` ENABLE KEYS */;

-- Volcando estructura para tabla personalsystem.profilesmenus
CREATE TABLE IF NOT EXISTS `profilesmenus` (
  `idProfileMenu` int(11) NOT NULL AUTO_INCREMENT,
  `idProfile` int(11) NOT NULL,
  `idMenu` int(11) NOT NULL,
  `access` varchar(45) NOT NULL,
  `status` char(1) NOT NULL DEFAULT '1',
  PRIMARY KEY (`idProfileMenu`),
  KEY `idMenuIDX` (`idMenu`),
  KEY `idProfileIDX` (`idProfile`),
  CONSTRAINT `idMenu_profilesMenus_menus_fk` FOREIGN KEY (`idMenu`) REFERENCES `menus` (`idMenu`) ON DELETE CASCADE ON UPDATE CASCADE,
  CONSTRAINT `idProfile_profilesMenus_profiles_fk` FOREIGN KEY (`idProfile`) REFERENCES `profiles` (`idProfile`) ON DELETE CASCADE ON UPDATE CASCADE
) ENGINE=InnoDB AUTO_INCREMENT=40 DEFAULT CHARSET=utf8mb4;

-- Volcando datos para la tabla personalsystem.profilesmenus: ~9 rows (aproximadamente)
/*!40000 ALTER TABLE `profilesmenus` DISABLE KEYS */;
INSERT INTO `profilesmenus` (`idProfileMenu`, `idProfile`, `idMenu`, `access`, `status`) VALUES
	(31, 2, 9, '1,2,3', '1'),
	(32, 1, 1, '1,2,3,4,5,6', '1'),
	(33, 1, 2, '1,2,3,4,5,6', '1'),
	(34, 1, 3, '1,2,3,4,5', '1'),
	(35, 1, 4, '1,2,3,4,5', '1'),
	(36, 1, 6, '1,2,3,4,5', '1'),
	(37, 1, 11, '1,2,3', '1'),
	(38, 1, 9, '1,2,3,4,5', '1'),
	(39, 1, 10, '1,2,3,4,5,6,7', '1');
/*!40000 ALTER TABLE `profilesmenus` ENABLE KEYS */;

-- Volcando estructura para tabla personalsystem.settings
CREATE TABLE IF NOT EXISTS `settings` (
  `idSetting` int(11) NOT NULL AUTO_INCREMENT,
  `userFailedAttempts` int(11) NOT NULL,
  `daysWarningExpPass` int(11) NOT NULL,
  `minLongPass` int(11) NOT NULL DEFAULT 4,
  `maxLongPass` int(11) NOT NULL,
  `minUpperPass` int(11) NOT NULL,
  `minLowerPass` int(11) NOT NULL,
  `minSpecialCharsPass` int(11) NOT NULL,
  `charsAllowedPass` varchar(50) NOT NULL DEFAULT '',
  `minNumPass` int(11) NOT NULL,
  `keyExpirDatePass` int(11) NOT NULL,
  PRIMARY KEY (`idSetting`)
) ENGINE=InnoDB AUTO_INCREMENT=2 DEFAULT CHARSET=utf8mb4;

-- Volcando datos para la tabla personalsystem.settings: ~0 rows (aproximadamente)
/*!40000 ALTER TABLE `settings` DISABLE KEYS */;
INSERT INTO `settings` (`idSetting`, `userFailedAttempts`, `daysWarningExpPass`, `minLongPass`, `maxLongPass`, `minUpperPass`, `minLowerPass`, `minSpecialCharsPass`, `charsAllowedPass`, `minNumPass`, `keyExpirDatePass`) VALUES
	(1, 5, 15, 4, 12, 0, 0, 0, '', 0, 30);
/*!40000 ALTER TABLE `settings` ENABLE KEYS */;

-- Volcando estructura para tabla personalsystem.users
CREATE TABLE IF NOT EXISTS `users` (
  `idUser` int(11) NOT NULL AUTO_INCREMENT,
  `idProfile` int(11) NOT NULL,
  `name` varchar(45) NOT NULL,
  `email` varchar(45) NOT NULL,
  `lastEntry` date DEFAULT NULL,
  `attempts` int(1) NOT NULL,
  `questions` int(11) NOT NULL,
  `conditions` int(1) NOT NULL,
  `status` char(1) NOT NULL DEFAULT '1',
  `idPerson` int(11) NOT NULL,
  PRIMARY KEY (`idUser`),
  UNIQUE KEY `nameUQ` (`name`),
  KEY `idProfileIDX` (`idProfile`),
  KEY `idPersonIDX` (`idPerson`),
  CONSTRAINT `idPerson_users_persons_fk` FOREIGN KEY (`idPerson`) REFERENCES `persons` (`idPerson`) ON DELETE CASCADE ON UPDATE CASCADE,
  CONSTRAINT `idProfile_users_profiles_fk` FOREIGN KEY (`idProfile`) REFERENCES `profiles` (`idProfile`) ON DELETE CASCADE ON UPDATE CASCADE
) ENGINE=InnoDB AUTO_INCREMENT=3 DEFAULT CHARSET=utf8mb4;

-- Volcando datos para la tabla personalsystem.users: ~2 rows (aproximadamente)
/*!40000 ALTER TABLE `users` DISABLE KEYS */;
INSERT INTO `users` (`idUser`, `idProfile`, `name`, `email`, `lastEntry`, `attempts`, `questions`, `conditions`, `status`, `idPerson`) VALUES
	(1, 1, 'carlos', 'carlos@gmail.com', '2020-11-27', 0, 0, 1, '1', 1),
	(2, 2, 'JOSE', 'JOSE@GMAIL.COM', '2020-11-27', 0, 0, 2, '1', 3);
/*!40000 ALTER TABLE `users` ENABLE KEYS */;

-- Volcando estructura para tabla personalsystem.userspasswords
CREATE TABLE IF NOT EXISTS `userspasswords` (
  `idUserPassword` int(11) NOT NULL AUTO_INCREMENT,
  `idUser` int(11) NOT NULL,
  `password` varchar(45) NOT NULL,
  `startDate` date DEFAULT NULL,
  `endDate` date DEFAULT NULL,
  `status` char(1) NOT NULL DEFAULT '1',
  PRIMARY KEY (`idUserPassword`),
  KEY `idUserIDX` (`idUser`),
  CONSTRAINT `idUser_usersPasswords_users_fk` FOREIGN KEY (`idUser`) REFERENCES `users` (`idUser`) ON DELETE CASCADE ON UPDATE CASCADE
) ENGINE=InnoDB AUTO_INCREMENT=7 DEFAULT CHARSET=utf8mb4;

-- Volcando datos para la tabla personalsystem.userspasswords: ~4 rows (aproximadamente)
/*!40000 ALTER TABLE `userspasswords` DISABLE KEYS */;
INSERT INTO `userspasswords` (`idUserPassword`, `idUser`, `password`, `startDate`, `endDate`, `status`) VALUES
	(1, 1, '12345', NULL, NULL, '0'),
	(4, 1, '123456', '2020-11-25', '2020-12-25', '1'),
	(5, 2, '12345', NULL, NULL, '0'),
	(6, 2, '123456', '2020-11-27', '2020-12-27', '1');
/*!40000 ALTER TABLE `userspasswords` ENABLE KEYS */;

-- Volcando estructura para tabla personalsystem.usersquestions
CREATE TABLE IF NOT EXISTS `usersquestions` (
  `idUserQuestion` int(11) NOT NULL,
  `idUser` int(11) NOT NULL,
  `question` varchar(45) NOT NULL,
  `answer` varchar(45) NOT NULL,
  `status` char(1) NOT NULL DEFAULT '1',
  PRIMARY KEY (`idUserQuestion`),
  KEY `idUserIDX` (`idUser`),
  CONSTRAINT `idUser_usersQuestions_users_fk` FOREIGN KEY (`idUser`) REFERENCES `users` (`idUser`) ON DELETE CASCADE ON UPDATE CASCADE
) ENGINE=InnoDB DEFAULT CHARSET=utf8mb4;

-- Volcando datos para la tabla personalsystem.usersquestions: ~0 rows (aproximadamente)
/*!40000 ALTER TABLE `usersquestions` DISABLE KEYS */;
/*!40000 ALTER TABLE `usersquestions` ENABLE KEYS */;

/*!40101 SET SQL_MODE=IFNULL(@OLD_SQL_MODE, '') */;
/*!40014 SET FOREIGN_KEY_CHECKS=IF(@OLD_FOREIGN_KEY_CHECKS IS NULL, 1, @OLD_FOREIGN_KEY_CHECKS) */;
/*!40101 SET CHARACTER_SET_CLIENT=@OLD_CHARACTER_SET_CLIENT */;
